CREATE DATABASE  IF NOT EXISTS `verify_PMIX` /*!40100 DEFAULT CHARACTER SET latin1 */;
USE `verify_PMIX`;
-- MySQL dump 10.13  Distrib 5.5.31, for debian-linux-gnu (x86_64)
--
-- Host: localhost    Database: verify_PMIX
-- ------------------------------------------------------
-- Server version	5.5.31-0ubuntu0.12.04.1

/*!40101 SET @OLD_CHARACTER_SET_CLIENT=@@CHARACTER_SET_CLIENT */;
/*!40101 SET @OLD_CHARACTER_SET_RESULTS=@@CHARACTER_SET_RESULTS */;
/*!40101 SET @OLD_COLLATION_CONNECTION=@@COLLATION_CONNECTION */;
/*!40101 SET NAMES utf8 */;
/*!40103 SET @OLD_TIME_ZONE=@@TIME_ZONE */;
/*!40103 SET TIME_ZONE='+00:00' */;
/*!40014 SET @OLD_UNIQUE_CHECKS=@@UNIQUE_CHECKS, UNIQUE_CHECKS=0 */;
/*!40014 SET @OLD_FOREIGN_KEY_CHECKS=@@FOREIGN_KEY_CHECKS, FOREIGN_KEY_CHECKS=0 */;
/*!40101 SET @OLD_SQL_MODE=@@SQL_MODE, SQL_MODE='NO_AUTO_VALUE_ON_ZERO' */;
/*!40111 SET @OLD_SQL_NOTES=@@SQL_NOTES, SQL_NOTES=0 */;

--
-- Table structure for table `MEDICAL_QUESTIONS`
--

DROP TABLE IF EXISTS `MEDICAL_QUESTIONS`;
/*!40101 SET @saved_cs_client     = @@character_set_client */;
/*!40101 SET character_set_client = utf8 */;
CREATE TABLE `MEDICAL_QUESTIONS` (
  `QUESTION_ID` int(11) NOT NULL,
  `QUESTION_TEXT` varchar(200) DEFAULT NULL,
  `QUESTION_BOOLEAN` char(1) DEFAULT NULL,
  `QUESTION_RESPONSES` varchar(45) DEFAULT NULL,
  PRIMARY KEY (`QUESTION_ID`)
) ENGINE=InnoDB DEFAULT CHARSET=latin1;
/*!40101 SET character_set_client = @saved_cs_client */;

--
-- Dumping data for table `MEDICAL_QUESTIONS`
--

LOCK TABLES `MEDICAL_QUESTIONS` WRITE;
/*!40000 ALTER TABLE `MEDICAL_QUESTIONS` DISABLE KEYS */;
/*!40000 ALTER TABLE `MEDICAL_QUESTIONS` ENABLE KEYS */;
UNLOCK TABLES;

--
-- Table structure for table `APPLICANT_SCREENING`
--

DROP TABLE IF EXISTS `APPLICANT_SCREENING`;
/*!40101 SET @saved_cs_client     = @@character_set_client */;
/*!40101 SET character_set_client = utf8 */;
CREATE TABLE `APPLICANT_SCREENING` (
  `APPLICANT_ID` int(11) NOT NULL,
  `MEDICAL_OFFICER_FULLNAME` varchar(75) DEFAULT NULL,
  `MEDICAL_EXAMINATION_DATE` date DEFAULT NULL,
  `MEDICAL_AUTHORIZED` char(1) DEFAULT NULL,
  `MEDICAL_DEFERRED` char(1) DEFAULT NULL,
  `MEDICAL_DEFERRED_DOCS` char(1) DEFAULT NULL,
  `MEDICAL_DEFERRED_RJ_DATE` date DEFAULT NULL,
  `MEDICAL_DEFERRED_CMO` varchar(10) DEFAULT NULL,
  `MEDICAL_PDQ` char(1) DEFAULT NULL,
  `MEDICAL_PDQ_PROFILE_SERIAL` varchar(15) DEFAULT NULL,
  `MEDICAL_PDQ_PROFILE_ICD` varchar(10) DEFAULT NULL,
  `MEDICAL_PDQ_WAIVER` char(1) DEFAULT NULL,
  `MEDICAL_EXAM_APPROVED` char(1) DEFAULT NULL,
  `MEDICAL_EXAM_DEFERRED` char(1) DEFAULT NULL,
  `MEDICAL_EXAM_NOT_JUSTIFIED` char(1) DEFAULT NULL,
  `MEDICAL_EXAM_MORE_INFO` char(1) DEFAULT NULL,
  `MEDICAL_EXAM_INFO_DIFFERENT` char(1) DEFAULT NULL,
  `MEDICAL_EXAM_NO_MEPS_PRESCREEN` char(1) DEFAULT NULL,
  `MEDICAL_EXAM_ATTACHED_SHEETS` int(11) DEFAULT NULL,
  `MEDICAL_EXAM_OUTCOME_CODE_AE` char(1) DEFAULT NULL,
  `MEDICAL_EXAM_OUTCOME_CODE_PRI` char(1) DEFAULT NULL,
  `MEDICAL_EXAM_OUTCOME_CODE_RE` char(1) DEFAULT NULL,
  `MEDICAL_EXAM_OUTCOME_CODE_NA` char(1) DEFAULT NULL,
  `MEDICAL_EXAM_COMMENTS` varchar(1000) DEFAULT NULL,
  PRIMARY KEY (`APPLICANT_ID`)
) ENGINE=InnoDB DEFAULT CHARSET=latin1;
/*!40101 SET character_set_client = @saved_cs_client */;

--
-- Dumping data for table `APPLICANT_SCREENING`
--

LOCK TABLES `APPLICANT_SCREENING` WRITE;
/*!40000 ALTER TABLE `APPLICANT_SCREENING` DISABLE KEYS */;
/*!40000 ALTER TABLE `APPLICANT_SCREENING` ENABLE KEYS */;
UNLOCK TABLES;

--
-- Table structure for table `APPLICANT_PHYSICIANS`
--

DROP TABLE IF EXISTS `APPLICANT_PHYSICIANS`;
/*!40101 SET @saved_cs_client     = @@character_set_client */;
/*!40101 SET character_set_client = utf8 */;
CREATE TABLE `APPLICANT_PHYSICIANS` (
  `APPLICANT_ID` int(11) NOT NULL,
  `APL_PHYSICIAN_FULLNAME` varchar(75) DEFAULT NULL,
  `APL_PHYSICIAN_TELEPHONE` varchar(45) DEFAULT NULL,
  `APL_PHYSICIAN_STATUS` varchar(15) DEFAULT NULL,
  `APL_PHYSICIAN_LAST_VISIT` date DEFAULT NULL,
  `APL_PHYSICIAN_ADDRESS` varchar(100) DEFAULT NULL,
  `APL_PHYSICIAN_COMMENTS` varchar(2000) DEFAULT NULL,
  PRIMARY KEY (`APPLICANT_ID`)
) ENGINE=InnoDB DEFAULT CHARSET=latin1;
/*!40101 SET character_set_client = @saved_cs_client */;

--
-- Dumping data for table `APPLICANT_PHYSICIANS`
--

LOCK TABLES `APPLICANT_PHYSICIANS` WRITE;
/*!40000 ALTER TABLE `APPLICANT_PHYSICIANS` DISABLE KEYS */;
INSERT INTO `APPLICANT_PHYSICIANS` VALUES (1,'DR JOHN SMITH','303-445-8000','Current','2012-06-11','1011 MAIN STREET, TANEYTOWN, MD','Healthy'),(2,'DR MARY THOMAS','303-445-8001','Current','2012-10-01','1011 MAIN STREET, TANEYTOWN, MD',NULL),(3,'DR ANNE WELSH','303-420-7910','Current','2012-09-17','2001 SOUTH STREET, UPTOWN, MD','Good');
/*!40000 ALTER TABLE `APPLICANT_PHYSICIANS` ENABLE KEYS */;
UNLOCK TABLES;

--
-- Table structure for table `RX_PATIENT`
--

DROP TABLE IF EXISTS `RX_PATIENT`;
/*!40101 SET @saved_cs_client     = @@character_set_client */;
/*!40101 SET character_set_client = utf8 */;
CREATE TABLE `RX_PATIENT` (
  `RX_PATIENT_ID` varchar(20) NOT NULL,
  `RX_PATIENT_FULLNAME` varchar(45) NOT NULL,
  `RX_PATIENT_FAMILYNAME` varchar(45) DEFAULT NULL,
  `RX_PATIENT_GIVENNAME` varchar(45) DEFAULT NULL,
  `RX_PATIENT_AGE` int(11) DEFAULT NULL,
  `RX_PATIENT_TELEPHONE` varchar(20) DEFAULT NULL,
  `RX_HEALTHPLAN_GRP` varchar(15) DEFAULT NULL,
  `RX_HEALTHPLAN_ID` varchar(20) DEFAULT NULL,
  `RX_HEALTHPLAN_NAME` varchar(25) DEFAULT NULL,
  `RX_ADDRESS_STREET` varchar(45) DEFAULT NULL,
  `RX_ADDRESS_CITY` varchar(45) DEFAULT NULL,
  `RX_ADDRESS_STATE` varchar(2) DEFAULT NULL,
  `RX_ADDRESS_ZIP` varchar(10) DEFAULT NULL,
  `RX_PATIENT_SEX` char(1) DEFAULT NULL,
  PRIMARY KEY (`RX_PATIENT_ID`),
  KEY `PATIENTNAME` (`RX_PATIENT_FULLNAME`),
  KEY `PATIENTNAME2` (`RX_PATIENT_FAMILYNAME`,`RX_PATIENT_GIVENNAME`),
  KEY `fk_RX_PATIENT_MASTER` (`RX_PATIENT_ID`),
  KEY `fk_RX_PATIENT_DRUG` (`RX_PATIENT_ID`)
) ENGINE=InnoDB DEFAULT CHARSET=latin1;
/*!40101 SET character_set_client = @saved_cs_client */;

--
-- Dumping data for table `RX_PATIENT`
--

LOCK TABLES `RX_PATIENT` WRITE;
/*!40000 ALTER TABLE `RX_PATIENT` DISABLE KEYS */;
INSERT INTO `RX_PATIENT` VALUES ('BB-234-09801','FRED SMITH','SMITH','FRED',44,'457-010-3030','22-5567','770-123-6543','BLUE CROSS','2121 GREEN COURT','ROCKVILLE','MD','20711','M'),('M-12234','WILLIAM JONES','JONES','WILLIAM',18,'303-123-5677',NULL,NULL,NULL,NULL,NULL,NULL,NULL,'M'),('M-12235','JOHN BEKLOW','BEKLOW','JOHN',18,'',NULL,NULL,NULL,NULL,NULL,NULL,NULL,'M'),('M-12236','CHRISTOPHER FROME','FROME','CHRISTOPHER',18,NULL,NULL,NULL,NULL,NULL,NULL,NULL,NULL,'M'),('M-12237','MARY B SOUTHALL','SOUTHALL','MARY',19,NULL,NULL,NULL,NULL,NULL,NULL,NULL,NULL,'F'),('MC-00-42751-0','BILL TIDY','TIDY','BILL',61,'4580921-3344','231-6541-9','000-931-45-B06','KAISER','9001 HALF STREET','FULLTOWN','MD','21081','M'),('MC-000-3451-9','JOHN DOE','DOE','JOHN',37,'457-000-2121','345-77890','221-093-876-1','BIG BLUE','1001 MAIN STREET','GERMANTOWN','MD','20771','M');
/*!40000 ALTER TABLE `RX_PATIENT` ENABLE KEYS */;
UNLOCK TABLES;

--
-- Table structure for table `APPLICANT_MASTER`
--

DROP TABLE IF EXISTS `APPLICANT_MASTER`;
/*!40101 SET @saved_cs_client     = @@character_set_client */;
/*!40101 SET character_set_client = utf8 */;
CREATE TABLE `APPLICANT_MASTER` (
  `APPLICANT_ID` int(11) NOT NULL,
  `APL_LAST_NAME` varchar(45) DEFAULT NULL,
  `APL_FIRST_NAME` varchar(45) DEFAULT NULL,
  `APL_FIRST_INITIAL` varchar(1) DEFAULT NULL,
  `APL_DATE_OF_BIRTH` date DEFAULT NULL,
  `APL_SSN` varchar(11) DEFAULT NULL,
  `APL_HEIGHT` varchar(10) DEFAULT NULL,
  `APL_WEIGHT` varchar(10) DEFAULT NULL,
  `APL_MAX_WEIGHT` varchar(10) DEFAULT NULL,
  `APL_SCREENED_DATE` date DEFAULT NULL,
  `APL_SERVICE` varchar(12) DEFAULT NULL,
  `APL_SIGNED` date DEFAULT NULL,
  `APL_PARENT_FULLNAME` varchar(75) DEFAULT NULL,
  `APL_PARENT_SIGNED_DATE` date DEFAULT NULL,
  `APL_RECRUITER_FULLNAME` varchar(75) DEFAULT NULL,
  `APL_RECRUITER_SIGNED_DATE` date DEFAULT NULL,
  `APL_RECRUITER_GRADE` varchar(10) DEFAULT NULL,
  `APL_SERVICE_TYPE` varchar(10) DEFAULT NULL,
  `APL_SEX` char(1) DEFAULT NULL,
  PRIMARY KEY (`APPLICANT_ID`)
) ENGINE=InnoDB DEFAULT CHARSET=latin1 COMMENT='Track MEPCOM applicants';
/*!40101 SET character_set_client = @saved_cs_client */;

--
-- Dumping data for table `APPLICANT_MASTER`
--

LOCK TABLES `APPLICANT_MASTER` WRITE;
/*!40000 ALTER TABLE `APPLICANT_MASTER` DISABLE KEYS */;
INSERT INTO `APPLICANT_MASTER` VALUES (1,'JONES','WILLIAM','T','1993-10-11','234-55-4419','6ft','185','195','0000-00-00','ARMY',NULL,'DAVID JONES','2012-11-03','SGT SMITH',NULL,'','Regular','M'),(2,'BEKLOW','JOHN','R','1994-01-02','235-56-4321','5ft 11','165','175',NULL,'ARMY',NULL,'MARK BEKLOW','0000-00-00','SGT SMITH',NULL,NULL,'Regular','M'),(3,'FROME','CHRIS',' ','1994-02-21','245-66-1234','6ft 1','145','155','0000-00-00','NAVY','0000-00-00','RICHARD FROME','2012-11-04','SGT FRANK',NULL,NULL,'Regular','M'),(4,'SOUTHALL','MARY','B','1993-12-17','255-77-1008','5ft 6','120','130','0000-00-00','AIR FORCE',NULL,'JOHN SOUTHALL','2012-11-02','SGT JOHNSON','0000-00-00',NULL,'','F');
/*!40000 ALTER TABLE `APPLICANT_MASTER` ENABLE KEYS */;
UNLOCK TABLES;

--
-- Table structure for table `RX_DRUG`
--

DROP TABLE IF EXISTS `RX_DRUG`;
/*!40101 SET @saved_cs_client     = @@character_set_client */;
/*!40101 SET character_set_client = utf8 */;
CREATE TABLE `RX_DRUG` (
  `RX_KEY` varchar(20) NOT NULL,
  `RX_KEY_SEQ` int(11) NOT NULL,
  `RX_DRUG_NAME` varchar(45) NOT NULL,
  `RX_DRUG_STRENGTH` varchar(10) DEFAULT NULL,
  `RX_DRUG_QUANTITY` varchar(10) NOT NULL,
  `RX_DRUG_DOSE` varchar(10) DEFAULT NULL,
  `RX_DRUG_TYPE` varchar(10) NOT NULL,
  `RX_DRUG_ID` varchar(20) NOT NULL,
  `RX_PATIENT_ID` varchar(20) NOT NULL,
  PRIMARY KEY (`RX_KEY_SEQ`),
  KEY `RX_KEY` (`RX_KEY`),
  KEY `RX_DRUG` (`RX_DRUG_NAME`),
  KEY `RX_DRUG_ID` (`RX_DRUG_ID`),
  KEY `RX_PATIENT` (`RX_PATIENT_ID`),
  KEY `fk_RX_DRUG_PATIENT` (`RX_PATIENT_ID`)
) ENGINE=InnoDB DEFAULT CHARSET=latin1;
/*!40101 SET character_set_client = @saved_cs_client */;

--
-- Dumping data for table `RX_DRUG`
--

LOCK TABLES `RX_DRUG` WRITE;
/*!40000 ALTER TABLE `RX_DRUG` DISABLE KEYS */;
INSERT INTO `RX_DRUG` VALUES ('RX-000001',1,'DEXAN','LOW','60','20MG','SEDATIVE','GS-00-234-B7','BB-234-09801'),('RX-000001',2,'CORTOPHINE','HIGH','30','5MG','NARCOTIC','AZ-450-7789','BB-234-09801'),('RX-000002',3,'DOTRICLANE','HIGH','45','2.5MG','NARCOTIC','GS-99-451-A00','BB-234-09801'),('RX-000003',4,'TRANSZANE','MEDIUM','60','10MG','MEDICATION','AZ-300-6701','MC-00-42751-0'),('RX-000004',5,'Buprenorphine','LOW','10','5MG','NARCOTIC','B-123-T','M-12235'),('RX-000005',6,'Demerol','MEDIUM','25','20MG','NARCOTIC','D-1234124','M-12236'),('RX-000007',7,'Hydrococet','LOW','20','5MG','NARCOTIC','H-2354235','M-12234');
/*!40000 ALTER TABLE `RX_DRUG` ENABLE KEYS */;
UNLOCK TABLES;

--
-- Table structure for table `RX_MASTER`
--

DROP TABLE IF EXISTS `RX_MASTER`;
/*!40101 SET @saved_cs_client     = @@character_set_client */;
/*!40101 SET character_set_client = utf8 */;
CREATE TABLE `RX_MASTER` (
  `RX_KEY` varchar(20) NOT NULL,
  `RX_ISSUE_DATE` date NOT NULL,
  `RX_PROVIDER_ID` varchar(20) DEFAULT NULL,
  `RX_STATUS_CODE` varchar(6) DEFAULT NULL,
  `RX_FILLED_DATE` datetime DEFAULT NULL,
  `RX_STATE_CODE` varchar(6) DEFAULT NULL,
  `RX_PATIENT_ID` varchar(20) NOT NULL,
  `RX_ISSUER_ID` varchar(20) NOT NULL,
  `RX_REFILL_COUNT` int(2) DEFAULT NULL,
  PRIMARY KEY (`RX_KEY`),
  KEY `RX_PATIENT_INDEX` (`RX_PATIENT_ID`),
  KEY `RX_PROVIDER_INDEX` (`RX_PROVIDER_ID`),
  KEY `RX_DATE_INDEX` (`RX_KEY`,`RX_ISSUE_DATE`),
  KEY `RX_FILLED_DATE` (`RX_PROVIDER_ID`,`RX_FILLED_DATE`),
  KEY `RX_ISSUER_INDEX` (`RX_KEY`,`RX_ISSUE_DATE`,`RX_ISSUER_ID`),
  KEY `fk_RX_MASTER_PATIENT` (`RX_PATIENT_ID`),
  CONSTRAINT `fk_RX_MASTER_DRUG` FOREIGN KEY (`RX_KEY`) REFERENCES `RX_DRUG` (`RX_KEY`) ON DELETE NO ACTION ON UPDATE NO ACTION,
  CONSTRAINT `fk_RX_MASTER_PATIENT` FOREIGN KEY (`RX_PATIENT_ID`) REFERENCES `RX_PATIENT` (`RX_PATIENT_ID`) ON DELETE NO ACTION ON UPDATE NO ACTION
) ENGINE=InnoDB DEFAULT CHARSET=latin1;
/*!40101 SET character_set_client = @saved_cs_client */;

--
-- Dumping data for table `RX_MASTER`
--

LOCK TABLES `RX_MASTER` WRITE;
/*!40000 ALTER TABLE `RX_MASTER` DISABLE KEYS */;
INSERT INTO `RX_MASTER` VALUES ('RX-000001','2012-08-11','','NEW',NULL,'MD','BB-234-09801','RX-66-44-22',1),('RX-000002','2012-08-11','','NEW',NULL,'MD','BB-234-09801','RX-66-44-22',1),('RX-000003','2012-08-12','','FILLER','2012-08-12 00:00:00','MD','MC-00-42751-0','RX-66-44-22',1),('RX-000004','2003-01-12','','FILLED','2003-01-12 00:00:00','VA','M-12235','RX-1',1),('RX-000005','2010-08-12','CVS','FILLED','2010-08-13 00:00:00','VA','M-12236','RX-14414',2),('RX-000007','2011-03-07','RITE AID','FILLED','2011-03-07 00:00:00','VA','M-12234','RX-744532',3);
/*!40000 ALTER TABLE `RX_MASTER` ENABLE KEYS */;
UNLOCK TABLES;

--
-- Table structure for table `APPLICANT_INSURANCE`
--

DROP TABLE IF EXISTS `APPLICANT_INSURANCE`;
/*!40101 SET @saved_cs_client     = @@character_set_client */;
/*!40101 SET character_set_client = utf8 */;
CREATE TABLE `APPLICANT_INSURANCE` (
  `APPLICANT_ID` int(11) NOT NULL,
  `APL_INSURANCE_CARRIER` varchar(45) DEFAULT NULL,
  `APL_INSURANCE_POLICY_ID` varchar(45) DEFAULT NULL,
  `APL_INSURANCE_ADDRESS` varchar(100) DEFAULT NULL,
  `APL_INSURANCE_STATUS` varchar(10) DEFAULT NULL,
  PRIMARY KEY (`APPLICANT_ID`)
) ENGINE=InnoDB DEFAULT CHARSET=latin1;
/*!40101 SET character_set_client = @saved_cs_client */;

--
-- Dumping data for table `APPLICANT_INSURANCE`
--

LOCK TABLES `APPLICANT_INSURANCE` WRITE;
/*!40000 ALTER TABLE `APPLICANT_INSURANCE` DISABLE KEYS */;
/*!40000 ALTER TABLE `APPLICANT_INSURANCE` ENABLE KEYS */;
UNLOCK TABLES;

--
-- Table structure for table `APPLICANT_MEDICAL_2`
--

DROP TABLE IF EXISTS `APPLICANT_MEDICAL_2`;
/*!40101 SET @saved_cs_client     = @@character_set_client */;
/*!40101 SET character_set_client = utf8 */;
CREATE TABLE `APPLICANT_MEDICAL_2` (
  `APPLICANT_ID` int(11) NOT NULL,
  `SMOKER_CIGARETTE` char(1) DEFAULT NULL,
  `SMOKER_CIGAR` char(1) DEFAULT NULL,
  `SMOKER_SMOKELESS` char(1) DEFAULT NULL,
  `SMOKER_LAST_DATE` date DEFAULT NULL,
  `SMOKER_NUMBER_PER_DAY` int(11) DEFAULT NULL,
  PRIMARY KEY (`APPLICANT_ID`)
) ENGINE=InnoDB DEFAULT CHARSET=latin1;
/*!40101 SET character_set_client = @saved_cs_client */;

--
-- Dumping data for table `APPLICANT_MEDICAL_2`
--

LOCK TABLES `APPLICANT_MEDICAL_2` WRITE;
/*!40000 ALTER TABLE `APPLICANT_MEDICAL_2` DISABLE KEYS */;
/*!40000 ALTER TABLE `APPLICANT_MEDICAL_2` ENABLE KEYS */;
UNLOCK TABLES;

--
-- Table structure for table `APPLICANT_MEDICAL`
--

DROP TABLE IF EXISTS `APPLICANT_MEDICAL`;
/*!40101 SET @saved_cs_client     = @@character_set_client */;
/*!40101 SET character_set_client = utf8 */;
CREATE TABLE `APPLICANT_MEDICAL` (
  `APPLICANT_ID` int(11) NOT NULL,
  `MEDICAL_QUESTION_ID` int(11) DEFAULT NULL,
  `MEDICAL_RESPONSE` char(1) DEFAULT NULL,
  `MEDICAL_TEXT` varchar(1000) DEFAULT NULL,
  PRIMARY KEY (`APPLICANT_ID`),
  UNIQUE KEY `MEDICAL` (`MEDICAL_QUESTION_ID`,`APPLICANT_ID`)
) ENGINE=InnoDB DEFAULT CHARSET=latin1;
/*!40101 SET character_set_client = @saved_cs_client */;

--
-- Dumping data for table `APPLICANT_MEDICAL`
--

LOCK TABLES `APPLICANT_MEDICAL` WRITE;
/*!40000 ALTER TABLE `APPLICANT_MEDICAL` DISABLE KEYS */;
/*!40000 ALTER TABLE `APPLICANT_MEDICAL` ENABLE KEYS */;
UNLOCK TABLES;

--
-- Dumping routines for database 'verify_PMIX'
--
/*!40103 SET TIME_ZONE=@OLD_TIME_ZONE */;

/*!40101 SET SQL_MODE=@OLD_SQL_MODE */;
/*!40014 SET FOREIGN_KEY_CHECKS=@OLD_FOREIGN_KEY_CHECKS */;
/*!40014 SET UNIQUE_CHECKS=@OLD_UNIQUE_CHECKS */;
/*!40101 SET CHARACTER_SET_CLIENT=@OLD_CHARACTER_SET_CLIENT */;
/*!40101 SET CHARACTER_SET_RESULTS=@OLD_CHARACTER_SET_RESULTS */;
/*!40101 SET COLLATION_CONNECTION=@OLD_COLLATION_CONNECTION */;
/*!40111 SET SQL_NOTES=@OLD_SQL_NOTES */;

-- Dump completed on 2013-05-15 17:36:42
